{"dRateVy":1.0104070945897738,"dRateVx":0.0060111230559838115,"dYStdVPos":674.63864357761167,"dXStdVPos":493.88985544085807,"dXoffset":0.0,"dYoffset":1.3299947138668684}
